{"products":[{"id":"0.08621623460941019","qty":2}],"totalPrice":0.07999999999999645}